CODI_DIVISIO_TERRITORIAL;CDINE;NACIONALITAT;NRE_HOMES;NRE_DONES
S-01001;NULL;ALTRES;15;20
S-01001;108;ESPANYA;657;720
S-01001;321;HONDURES;4;7
S-01002;NULL;ALTRES;27;37
S-01002;115;ITALIA;6;3
S-01002;108;ESPANYA;511;637
S-01002;110;FRAN€A;5;6
S-01003;108;ESPANYA;428;492
S-01003;125;REGNE UNIT;4;4
S-01003;115;ITALIA;3;4
S-01003;NULL;ALTRES;15;19
S-01003;128;ROMANIA;3;5
S-01003;407;XINA;4;5
S-01004;NULL;ALTRES;14;14
S-01004;108;ESPANYA;382;406
S-01005;108;ESPANYA;628;757
S-01005;115;ITALIA;3;4
S-01005;NULL;ALTRES;25;39
S-01007;104;BULGARIA;3;3
S-01007;108;ESPANYA;531;616
S-01007;NULL;ALTRES;25;28
S-01008;108;ESPANYA;295;309
S-01008;NULL;ALTRES;12;13
S-02001;NULL;ALTRES;38;27
S-02001;108;ESPANYA;582;651
S-02001;407;XINA;3;3
S-02001;122;POLONIA;4;4
S-02001;228;MARROC;12;10
S-02001;216;GAMBIA;8;5
S-02002;108;ESPANYA;755;847
S-02002;115;ITALIA;6;3
S-02002;351;VENE€UELA;8;4
S-02002;407;XINA;6;5
S-02002;NULL;ALTRES;49;30
S-02003;108;ESPANYA;391;454
S-02003;343;COLOMBIA;4;3
S-02003;NULL;ALTRES;19;22
S-02004;NULL;ALTRES;17;34
S-02004;407;XINA;7;4
S-02004;108;ESPANYA;902;1.027
S-02004;115;ITALIA;7;5
S-02005;108;ESPANYA;564;587
S-02005;154;RUSSIA;5;4
S-02005;228;MARROC;22;18
S-02005;115;ITALIA;5;9
S-02005;NULL;ALTRES;46;41
S-02007;407;XINA;5;5
S-02007;347;PARAGUAI;4;5
S-02007;426;PAKISTAN;5;5
S-02007;410;INDIA;16;7
S-02007;128;ROMANIA;7;7
S-02007;345;EQUADOR;5;10
S-02007;NULL;ALTRES;35;44
S-02007;108;ESPANYA;495;517
S-02007;321;HONDURES;4;8
S-02007;228;MARROC;29;33
S-02008;108;ESPANYA;963;1.057
S-02008;407;XINA;4;6
S-02008;115;ITALIA;5;3
S-02008;NULL;ALTRES;33;33
S-02009;NULL;ALTRES;34;51
S-02009;228;MARROC;47;55
S-02009;343;COLOMBIA;5;3
S-02009;410;INDIA;16;10
S-02009;426;PAKISTAN;19;6
S-02009;139;GEORGIA;5;5
S-02009;407;XINA;3;3
S-02009;108;ESPANYA;443;471
S-02009;345;EQUADOR;4;4
S-02009;351;VENE€UELA;5;4
S-02009;128;ROMANIA;4;5
S-02010;426;PAKISTAN;12;9
S-02010;128;ROMANIA;6;4
S-02010;115;ITALIA;4;3
S-02010;NULL;ALTRES;36;25
S-02010;154;RUSSIA;5;5
S-02010;108;ESPANYA;631;653
S-02010;228;MARROC;26;27
S-02010;407;XINA;8;12
S-02011;426;PAKISTAN;11;4
S-02011;115;ITALIA;5;5
S-02011;407;XINA;4;5
S-02011;128;ROMANIA;3;7
S-02011;148;ARMENIA;15;13
S-02011;108;ESPANYA;649;715
S-02011;NULL;ALTRES;34;16
S-02011;228;MARROC;16;12
S-02012;407;XINA;6;7
S-02012;218;GUINEA;4;4
S-02012;351;VENE€UELA;6;5
S-02012;347;PARAGUAI;3;3
S-02012;108;ESPANYA;474;515
S-02012;228;MARROC;10;6
S-02012;NULL;ALTRES;26;18
S-02013;426;PAKISTAN;9;7
S-02013;135;UCRAINA;3;10
S-02013;NULL;ALTRES;46;37
S-02013;228;MARROC;46;50
S-02013;139;GEORGIA;3;3
S-02013;108;ESPANYA;488;490
S-02013;351;VENE€UELA;3;3
S-02015;228;MARROC;19;14
S-02015;108;ESPANYA;427;447
S-02015;NULL;ALTRES;32;31
S-02015;340;ARGENTINA;4;3
S-02015;135;UCRAINA;3;3
S-02015;407;XINA;6;4
S-03001;148;ARMENIA;3;5
S-03001;115;ITALIA;6;6
S-03001;108;ESPANYA;985;1.057
S-03001;426;PAKISTAN;18;5
S-03001;228;MARROC;16;13
S-03001;341;BOLIVIA;11;9
S-03001;407;XINA;70;59
S-03001;410;INDIA;15;8
S-03001;154;RUSSIA;5;11
S-03001;NULL;ALTRES;30;45
S-03001;128;ROMANIA;13;6
S-03001;345;EQUADOR;4;4
S-03001;125;REGNE UNIT;4;3
S-03003;139;GEORGIA;7;4
S-03003;NULL;ALTRES;44;46
S-03003;407;XINA;23;15
S-03003;108;ESPANYA;795;861
S-03003;341;BOLIVIA;9;7
S-03003;228;MARROC;6;10
S-03003;135;UCRAINA;4;4
S-03003;343;COLOMBIA;4;6
S-03003;128;ROMANIA;11;5
S-03003;340;ARGENTINA;7;4
S-03004;407;XINA;3;4
S-03004;135;UCRAINA;3;4
S-03004;NULL;ALTRES;32;28
S-03004;108;ESPANYA;824;869
S-03005;108;ESPANYA;633;653
S-03005;115;ITALIA;6;5
S-03005;341;BOLIVIA;8;4
S-03005;351;VENE€UELA;4;3
S-03005;426;PAKISTAN;16;7
S-03005;135;UCRAINA;5;4
S-03005;NULL;ALTRES;28;24
S-03005;228;MARROC;20;17
S-03005;407;XINA;10;14
S-03006;407;XINA;4;4
S-03006;228;MARROC;6;3
S-03006;NULL;ALTRES;30;28
S-03006;108;ESPANYA;551;594
S-03007;407;XINA;4;4
S-03007;NULL;ALTRES;5;7
S-03007;108;ESPANYA;528;646
S-03007;154;RUSSIA;3;4
S-03008;108;ESPANYA;314;348
S-03008;154;RUSSIA;3;6
S-03008;110;FRAN€A;4;3
S-03008;148;ARMENIA;3;3
S-03008;NULL;ALTRES;23;20
S-03009;341;BOLIVIA;3;4
S-03009;NULL;ALTRES;35;42
S-03009;108;ESPANYA;767;902
S-03009;407;XINA;7;12
S-03009;115;ITALIA;10;8
S-03009;302;ESTATS UNITS;3;3
S-03010;135;UCRAINA;4;4
S-03010;108;ESPANYA;395;435
S-03010;407;XINA;17;17
S-03010;228;MARROC;4;4
S-03010;NULL;ALTRES;29;23
S-03010;426;PAKISTAN;7;4
S-03011;115;ITALIA;6;7
S-03011;407;XINA;12;8
S-03011;135;UCRAINA;4;5
S-03011;108;ESPANYA;532;563
S-03011;341;BOLIVIA;3;4
S-03011;NULL;ALTRES;20;25
S-03011;110;FRAN€A;4;3
S-03011;228;MARROC;5;3
S-03013;121;PAISOS BAIXOS;4;3
S-03013;110;FRAN€A;9;9
S-03013;154;RUSSIA;3;4
S-03013;126;ALEMANYA;7;3
S-03013;407;XINA;51;70
S-03013;342;BRASIL;3;5
S-03013;NULL;ALTRES;42;38
S-03013;115;ITALIA;11;8
S-03013;108;ESPANYA;1.410;1.377
S-04001;407;XINA;7;7
S-04001;108;ESPANYA;1.055;1.040
S-04001;228;MARROC;19;22
S-04001;NULL;ALTRES;20;23
S-04001;426;PAKISTAN;5;8
S-04002;NULL;ALTRES;31;44
S-04002;108;ESPANYA;722;796
S-04003;NULL;ALTRES;17;33
S-04003;115;ITALIA;9;3
S-04003;108;ESPANYA;699;733
S-04004;426;PAKISTAN;4;6
S-04004;NULL;ALTRES;25;39
S-04004;340;ARGENTINA;3;3
S-04004;407;XINA;16;17
S-04004;108;ESPANYA;1.060;1.103
S-04004;342;BRASIL;4;7
S-04004;115;ITALIA;8;5
S-04005;228;MARROC;7;3
S-04005;NULL;ALTRES;20;23
S-04005;108;ESPANYA;730;729
S-04006;108;ESPANYA;1.239;1.235
S-04006;351;VENE€UELA;3;3
S-04006;115;ITALIA;8;5
S-04006;321;HONDURES;4;7
S-04006;NULL;ALTRES;30;29
S-04006;426;PAKISTAN;6;4
S-04007;108;ESPANYA;859;919
S-04007;NULL;ALTRES;24;11
S-04007;128;ROMANIA;3;3
S-04008;407;XINA;9;5
S-04008;NULL;ALTRES;13;14
S-04008;317;EL SALVADOR;3;4
S-04008;108;ESPANYA;645;682
S-04009;128;ROMANIA;3;5
S-04009;108;ESPANYA;426;454
S-04009;NULL;ALTRES;21;20
S-04010;108;ESPANYA;583;568
S-04010;115;ITALIA;4;3
S-04010;228;MARROC;7;4
S-04010;NULL;ALTRES;32;36
S-04010;104;BULGARIA;3;3
S-04010;407;XINA;7;11
S-04011;128;ROMANIA;12;5
S-04011;108;ESPANYA;658;732
S-04011;407;XINA;6;7
S-04011;NULL;ALTRES;31;38
S-04012;NULL;ALTRES;27;27
S-04012;426;PAKISTAN;4;3
S-04012;228;MARROC;3;6
S-04012;108;ESPANYA;637;699
S-04013;NULL;ALTRES;10;10
S-04013;108;ESPANYA;534;575
S-04013;135;UCRAINA;4;8
S-04014;108;ESPANYA;1.180;1.177
S-04014;NULL;ALTRES;16;25
S-04015;NULL;ALTRES;7;8
S-04015;108;ESPANYA;664;697
S-04015;228;MARROC;11;11
S-04016;108;ESPANYA;1.016;1.028
S-04016;115;ITALIA;3;6
S-04016;NULL;ALTRES;14;11
S-05001;115;ITALIA;9;4
S-05001;110;FRAN€A;6;3
S-05001;407;XINA;3;4
S-05001;NULL;ALTRES;32;30
S-05001;125;REGNE UNIT;4;3
S-05001;154;RUSSIA;4;3
S-05001;108;ESPANYA;1.062;1.136
S-05001;126;ALEMANYA;3;4
S-05002;108;ESPANYA;365;429
S-05002;NULL;ALTRES;5;6
S-05003;NULL;ALTRES;31;33
S-05003;154;RUSSIA;3;6
S-05003;341;BOLIVIA;3;4
S-05003;115;ITALIA;11;7
S-05003;108;ESPANYA;1.155;1.235
S-05003;228;MARROC;9;5
S-05004;108;ESPANYA;1.218;1.267
S-05004;407;XINA;14;9
S-05004;344;XILE;5;3
S-05004;NULL;ALTRES;57;49
S-05004;426;PAKISTAN;4;3
S-05005;NULL;ALTRES;45;40
S-05005;139;GEORGIA;3;3
S-05005;135;UCRAINA;3;3
S-05005;347;PARAGUAI;4;4
S-05005;407;XINA;6;6
S-05005;108;ESPANYA;927;961
S-05006;NULL;ALTRES;19;31
S-05006;108;ESPANYA;530;629
S-05006;342;BRASIL;3;6
S-05006;115;ITALIA;4;3
S-06001;108;ESPANYA;648;642
S-06001;NULL;ALTRES;14;19
S-06002;407;XINA;4;7
S-06002;NULL;ALTRES;26;28
S-06002;115;ITALIA;4;3
S-06002;341;BOLIVIA;3;3
S-06002;108;ESPANYA;794;767
S-06002;413;IRAN;3;3
S-06003;108;ESPANYA;507;536
S-06003;NULL;ALTRES;16;12
S-06004;108;ESPANYA;562;630
S-06004;NULL;ALTRES;7;23
S-06005;NULL;ALTRES;6;15
S-06005;108;ESPANYA;663;688
S-06006;NULL;ALTRES;10;15
S-06006;108;ESPANYA;476;505
S-07001;NULL;ALTRES;41;28
S-07001;135;UCRAINA;5;6
S-07001;410;INDIA;6;3
S-07001;426;PAKISTAN;33;17
S-07001;340;ARGENTINA;4;4
S-07001;407;XINA;32;29
S-07001;321;HONDURES;5;14
S-07001;115;ITALIA;6;4
S-07001;315;CUBA;5;4
S-07001;343;COLOMBIA;7;8
S-07001;108;ESPANYA;714;798
S-07001;228;MARROC;20;21
S-07001;341;BOLIVIA;17;22
S-07001;345;EQUADOR;12;5
S-07001;347;PARAGUAI;3;9
S-07001;128;ROMANIA;14;11
S-07002;NULL;ALTRES;20;27
S-07002;345;EQUADOR;3;5
S-07002;128;ROMANIA;5;3
S-07002;341;BOLIVIA;4;3
S-07002;110;FRAN€A;3;3
S-07002;108;ESPANYA;1.053;1.108
S-07002;407;XINA;15;18
S-07002;347;PARAGUAI;5;9
S-07002;115;ITALIA;6;8
S-07003;108;ESPANYA;581;692
S-07003;341;BOLIVIA;6;7
S-07003;347;PARAGUAI;6;13
S-07003;NULL;ALTRES;36;39
S-07003;350;URUGUAI;5;3
S-07003;410;INDIA;14;8
S-07003;216;GAMBIA;4;3
S-07003;426;PAKISTAN;8;3
S-07003;128;ROMANIA;9;6
S-07003;139;GEORGIA;4;3
S-07003;228;MARROC;20;18
S-07003;407;XINA;13;19
S-07003;135;UCRAINA;5;4
S-07004;340;ARGENTINA;3;4
S-07004;NULL;ALTRES;16;24
S-07004;228;MARROC;4;8
S-07004;115;ITALIA;3;4
S-07004;108;ESPANYA;503;570
S-07005;407;XINA;20;17
S-07005;410;INDIA;4;3
S-07005;139;GEORGIA;8;12
S-07005;108;ESPANYA;326;384
S-07005;426;PAKISTAN;24;9
S-07005;NULL;ALTRES;32;31
S-07005;228;MARROC;13;10
S-07006;115;ITALIA;5;3
S-07006;228;MARROC;4;4
S-07006;407;XINA;18;22
S-07006;135;UCRAINA;6;4
S-07006;343;COLOMBIA;3;3
S-07006;341;BOLIVIA;6;4
S-07006;NULL;ALTRES;15;18
S-07006;108;ESPANYA;481;497
S-07006;128;ROMANIA;6;5
S-07007;154;RUSSIA;4;7
S-07007;220;GUINEA EQUATORIAL;3;5
S-07007;108;ESPANYA;383;377
S-07007;228;MARROC;35;34
S-07007;128;ROMANIA;4;4
S-07007;321;HONDURES;8;19
S-07007;317;EL SALVADOR;3;5
S-07007;407;XINA;21;22
S-07007;404;BANGLA DESH;5;5
S-07007;426;PAKISTAN;65;27
S-07007;341;BOLIVIA;8;7
S-07007;410;INDIA;14;8
S-07007;NULL;ALTRES;43;26
S-07007;148;ARMENIA;4;4
S-07007;345;EQUADOR;10;5
S-07008;135;UCRAINA;8;8
S-07008;410;INDIA;27;12
S-07008;347;PARAGUAI;8;5
S-07008;345;EQUADOR;13;8
S-07008;341;BOLIVIA;3;10
S-07008;148;ARMENIA;4;3
S-07008;NULL;ALTRES;33;36
S-07008;404;BANGLA DESH;14;9
S-07008;407;XINA;24;23
S-07008;321;HONDURES;13;20
S-07008;154;RUSSIA;4;10
S-07008;108;ESPANYA;519;512
S-07008;228;MARROC;69;56
S-07008;426;PAKISTAN;73;42
S-07009;228;MARROC;24;15
S-07009;426;PAKISTAN;5;6
S-07009;NULL;ALTRES;33;34
S-07009;410;INDIA;6;9
S-07009;321;HONDURES;3;11
S-07009;108;ESPANYA;324;317
S-07009;407;XINA;4;7
S-07010;NULL;ALTRES;36;29
S-07010;108;ESPANYA;351;376
S-07010;228;MARROC;35;31
S-07010;426;PAKISTAN;21;13
S-07010;407;XINA;18;13
S-07010;321;HONDURES;12;12
S-07011;321;HONDURES;5;18
S-07011;345;EQUADOR;4;4
S-07011;407;XINA;24;25
S-07011;108;ESPANYA;836;906
S-07011;NULL;ALTRES;34;33
S-07011;115;ITALIA;4;3
S-07011;228;MARROC;45;42
S-07011;340;ARGENTINA;4;8
S-07012;410;INDIA;8;7
S-07012;407;XINA;7;8
S-07012;426;PAKISTAN;3;4
S-07012;108;ESPANYA;581;613
S-07012;NULL;ALTRES;18;31
S-07012;228;MARROC;9;8
S-07013;343;COLOMBIA;3;8
S-07013;154;RUSSIA;7;8
S-07013;227;MALI;3;4
S-07013;426;PAKISTAN;84;56
S-07013;340;ARGENTINA;3;3
S-07013;341;BOLIVIA;4;6
S-07013;234;NIGERIA;13;9
S-07013;128;ROMANIA;10;8
S-07013;350;URUGUAI;3;6
S-07013;321;HONDURES;3;10
S-07013;228;MARROC;113;98
S-07013;NULL;ALTRES;50;33
S-07013;345;EQUADOR;8;7
S-07013;407;XINA;67;58
S-07013;108;ESPANYA;831;781
S-07013;410;INDIA;15;6
S-07014;426;PAKISTAN;13;5
S-07014;410;INDIA;7;4
S-07014;NULL;ALTRES;22;36
S-07014;228;MARROC;63;54
S-07014;108;ESPANYA;730;736
S-07014;351;VENE€UELA;3;10
S-07014;407;XINA;15;17
S-07014;115;ITALIA;3;6
S-07015;407;XINA;27;35
S-07015;128;ROMANIA;10;15
S-07015;NULL;ALTRES;10;20
S-07015;228;MARROC;74;57
S-07015;351;VENE€UELA;3;4
S-07015;410;INDIA;8;6
S-07015;108;ESPANYA;358;375
S-07015;139;GEORGIA;4;4
S-07015;426;PAKISTAN;32;20
S-07015;345;EQUADOR;7;5
S-07017;342;BRASIL;7;6
S-07017;407;XINA;59;48
S-07017;234;NIGERIA;4;3
S-07017;341;BOLIVIA;17;19
S-07017;345;EQUADOR;17;12
S-07017;228;MARROC;119;112
S-07017;343;COLOMBIA;6;8
S-07017;321;HONDURES;13;17
S-07017;404;BANGLA DESH;30;14
S-07017;348;PERU;6;4
S-07017;108;ESPANYA;1.089;1.157
S-07017;410;INDIA;32;16
S-07017;135;UCRAINA;9;7
S-07017;NULL;ALTRES;55;29
S-07017;326;REPUBLICA DOMINICANA;9;7
S-07017;426;PAKISTAN;181;103
S-07017;154;RUSSIA;3;4
S-07017;128;ROMANIA;11;16
S-07018;108;ESPANYA;712;732
S-07018;NULL;ALTRES;13;27
S-07020;NULL;ALTRES;16;27
S-07020;108;ESPANYA;413;467
S-07020;228;MARROC;6;4
S-07020;115;ITALIA;3;4
S-07020;407;XINA;8;9
S-07021;108;ESPANYA;363;410
S-07021;NULL;ALTRES;34;30
S-07021;407;XINA;23;13
S-07021;228;MARROC;12;10
S-07022;154;RUSSIA;3;6
S-07022;407;XINA;5;3
S-07022;NULL;ALTRES;27;31
S-07022;108;ESPANYA;329;364
S-07022;139;GEORGIA;4;5
S-07023;135;UCRAINA;5;9
S-07023;228;MARROC;6;6
S-07023;348;PERU;3;3
S-07023;407;XINA;15;21
S-07023;154;RUSSIA;5;9
S-07023;115;ITALIA;8;10
S-07023;NULL;ALTRES;25;35
S-07023;110;FRAN€A;6;3
S-07023;108;ESPANYA;921;988
S-07024;321;HONDURES;3;13
S-07024;341;BOLIVIA;8;4
S-07024;108;ESPANYA;788;808
S-07024;345;EQUADOR;6;3
S-07024;115;ITALIA;3;5
S-07024;426;PAKISTAN;6;4
S-07024;128;ROMANIA;11;10
S-07024;135;UCRAINA;3;3
S-07024;148;ARMENIA;5;3
S-07024;407;XINA;12;11
S-07024;NULL;ALTRES;16;28
S-07024;228;MARROC;31;14
S-07024;343;COLOMBIA;3;7
S-07024;410;INDIA;8;9
S-07028;404;BANGLA DESH;6;3
S-07028;108;ESPANYA;777;837
S-07028;139;GEORGIA;4;6
S-07028;407;XINA;28;40
S-07028;343;COLOMBIA;5;6
S-07028;345;EQUADOR;13;6
S-07028;NULL;ALTRES;24;39
S-07028;341;BOLIVIA;13;12
S-07028;128;ROMANIA;3;8
S-07028;218;GUINEA;4;4
S-07028;228;MARROC;39;35
S-07028;148;ARMENIA;4;5
S-07028;426;PAKISTAN;68;39
S-07028;348;PERU;6;7
S-07029;138;BIELORUSSIA;4;3
S-07029;108;ESPANYA;971;986
S-07029;NULL;ALTRES;25;25
S-07030;108;ESPANYA;974;949
S-07030;407;XINA;5;6
S-07030;NULL;ALTRES;9;7
S-07031;NULL;ALTRES;7;14
S-07031;108;ESPANYA;633;681
S-08001;NULL;ALTRES;33;26
S-08001;407;XINA;158;133
S-08001;321;HONDURES;8;14
S-08001;410;INDIA;26;18
S-08001;128;ROMANIA;4;3
S-08001;228;MARROC;93;93
S-08001;108;ESPANYA;957;931
S-08001;404;BANGLA DESH;25;11
S-08001;426;PAKISTAN;56;41
S-08001;341;BOLIVIA;5;10
S-08001;326;REPUBLICA DOMINICANA;14;6
S-08001;345;EQUADOR;14;6
S-08002;108;ESPANYA;1.047;1.136
S-08002;326;REPUBLICA DOMINICANA;6;6
S-08002;321;HONDURES;3;13
S-08002;135;UCRAINA;3;4
S-08002;410;INDIA;6;3
S-08002;NULL;ALTRES;23;37
S-08002;342;BRASIL;4;3
S-08002;345;EQUADOR;6;3
S-08002;426;PAKISTAN;14;3
S-08002;404;BANGLA DESH;11;3
S-08002;407;XINA;48;36
S-08002;228;MARROC;17;15
S-08003;108;ESPANYA;899;947
S-08003;410;INDIA;9;6
S-08003;128;ROMANIA;4;12
S-08003;341;BOLIVIA;5;9
S-08003;340;ARGENTINA;7;5
S-08003;NULL;ALTRES;30;32
S-08003;407;XINA;16;19
S-08003;234;NIGERIA;3;3
S-08003;321;HONDURES;4;12
S-08003;104;BULGARIA;3;3
S-08003;228;MARROC;22;17
S-08003;426;PAKISTAN;25;8
S-08004;NULL;ALTRES;14;10
S-08004;108;ESPANYA;320;342
S-08004;407;XINA;22;21
S-08005;345;EQUADOR;3;3
S-08005;407;XINA;7;7
S-08005;108;ESPANYA;412;408
S-08005;228;MARROC;17;17
S-08005;326;REPUBLICA DOMINICANA;4;4
S-08005;426;PAKISTAN;10;7
S-08005;NULL;ALTRES;22;20
S-08006;108;ESPANYA;728;781
S-08006;NULL;ALTRES;13;19
S-08007;NULL;ALTRES;34;36
S-08007;426;PAKISTAN;11;9
S-08007;407;XINA;26;24
S-08007;108;ESPANYA;554;564
S-08007;228;MARROC;25;35
S-08008;128;ROMANIA;3;3
S-08008;108;ESPANYA;843;881
S-08008;343;COLOMBIA;5;4
S-08008;407;XINA;36;52
S-08008;NULL;ALTRES;25;35
S-08008;426;PAKISTAN;5;5
S-08008;228;MARROC;13;11
S-08008;410;INDIA;11;10
S-08008;345;EQUADOR;5;3
S-08009;108;ESPANYA;582;601
S-08009;228;MARROC;6;4
S-08009;128;ROMANIA;5;3
S-08009;407;XINA;11;9
S-08009;NULL;ALTRES;12;34
S-08011;NULL;ALTRES;16;14
S-08011;108;ESPANYA;395;414
S-08011;321;HONDURES;3;3
S-08012;110;FRAN€A;3;3
S-08012;407;XINA;14;9
S-08012;NULL;ALTRES;15;26
S-08012;115;ITALIA;3;3
S-08012;108;ESPANYA;1.203;1.281
S-08013;NULL;ALTRES;9;8
S-08013;108;ESPANYA;489;462
S-09001;NULL;ALTRES;30;43
S-09001;341;BOLIVIA;27;32
S-09001;404;BANGLA DESH;11;6
S-09001;228;MARROC;53;63
S-09001;410;INDIA;12;10
S-09001;139;GEORGIA;6;9
S-09001;426;PAKISTAN;185;84
S-09001;348;PERU;6;9
S-09001;351;VENE€UELA;3;3
S-09001;321;HONDURES;26;55
S-09001;115;ITALIA;4;7
S-09001;345;EQUADOR;7;9
S-09001;108;ESPANYA;683;754
S-09001;128;ROMANIA;7;9
S-09001;135;UCRAINA;5;5
S-09001;343;COLOMBIA;4;4
S-09001;407;XINA;41;48
S-09002;228;MARROC;22;22
S-09002;321;HONDURES;6;9
S-09002;348;PERU;3;7
S-09002;341;BOLIVIA;12;11
S-09002;426;PAKISTAN;230;98
S-09002;NULL;ALTRES;23;28
S-09002;343;COLOMBIA;6;3
S-09002;317;EL SALVADOR;4;10
S-09002;128;ROMANIA;12;13
S-09002;407;XINA;38;29
S-09002;345;EQUADOR;5;4
S-09002;108;ESPANYA;656;666
S-09002;404;BANGLA DESH;6;5
S-09003;426;PAKISTAN;32;21
S-09003;407;XINA;33;27
S-09003;135;UCRAINA;6;3
S-09003;321;HONDURES;7;16
S-09003;108;ESPANYA;419;389
S-09003;343;COLOMBIA;4;3
S-09003;NULL;ALTRES;22;24
S-09003;128;ROMANIA;10;3
S-09003;228;MARROC;22;22
S-09003;341;BOLIVIA;7;6
S-09004;108;ESPANYA;707;632
S-09004;128;ROMANIA;13;11
S-09004;347;PARAGUAI;3;3
S-09004;348;PERU;4;3
S-09004;NULL;ALTRES;20;33
S-09004;426;PAKISTAN;357;138
S-09004;341;BOLIVIA;3;5
S-09004;410;INDIA;14;5
S-09004;234;NIGERIA;5;4
S-09004;228;MARROC;32;34
S-09005;426;PAKISTAN;71;25
S-09005;139;GEORGIA;3;3
S-09005;228;MARROC;4;6
S-09005;407;XINA;9;9
S-09005;NULL;ALTRES;38;26
S-09005;347;PARAGUAI;3;9
S-09005;341;BOLIVIA;7;3
S-09005;410;INDIA;10;6
S-09005;108;ESPANYA;445;438
S-09006;410;INDIA;6;6
S-09006;407;XINA;22;27
S-09006;NULL;ALTRES;20;34
S-09006;426;PAKISTAN;279;105
S-09006;345;EQUADOR;6;8
S-09006;228;MARROC;24;40
S-09006;341;BOLIVIA;4;8
S-09006;108;ESPANYA;544;547
S-09006;321;HONDURES;13;22
S-09006;128;ROMANIA;11;9
S-09008;426;PAKISTAN;65;47
S-09008;228;MARROC;5;13
S-09008;341;BOLIVIA;3;4
S-09008;108;ESPANYA;606;641
S-09008;135;UCRAINA;5;3
S-09008;128;ROMANIA;4;5
S-09008;407;XINA;31;35
S-09008;NULL;ALTRES;27;20
S-09009;426;PAKISTAN;22;11
S-09009;341;BOLIVIA;4;3
S-09009;NULL;ALTRES;12;15
S-09009;228;MARROC;3;5
S-09009;407;XINA;14;15
S-09009;108;ESPANYA;429;503
S-09010;108;ESPANYA;521;568
S-09010;407;XINA;39;38
S-09010;426;PAKISTAN;5;6
S-09010;NULL;ALTRES;17;8
S-09011;NULL;ALTRES;24;37
S-09011;410;INDIA;6;6
S-09011;108;ESPANYA;372;442
S-09011;426;PAKISTAN;32;17
S-09011;407;XINA;20;12
S-09011;228;MARROC;22;18
S-09012;317;EL SALVADOR;5;4
S-09012;135;UCRAINA;6;5
S-09012;343;COLOMBIA;5;6
S-09012;426;PAKISTAN;29;11
S-09012;NULL;ALTRES;20;23
S-09012;228;MARROC;6;10
S-09012;326;REPUBLICA DOMINICANA;4;5
S-09012;154;RUSSIA;4;11
S-09012;341;BOLIVIA;3;8
S-09012;108;ESPANYA;609;651
S-09012;128;ROMANIA;4;8
S-09012;410;INDIA;16;8
S-09012;407;XINA;51;55
S-09012;348;PERU;6;6
S-09013;426;PAKISTAN;8;8
S-09013;407;XINA;5;3
S-09013;108;ESPANYA;349;361
S-09013;NULL;ALTRES;23;29
S-09014;135;UCRAINA;5;3
S-09014;NULL;ALTRES;27;32
S-09014;228;MARROC;6;8
S-09014;407;XINA;32;28
S-09014;128;ROMANIA;3;5
S-09014;108;ESPANYA;647;712
S-09014;154;RUSSIA;3;3
S-09014;345;EQUADOR;7;6
S-09014;426;PAKISTAN;21;9
S-09015;341;BOLIVIA;7;4
S-09015;108;ESPANYA;685;712
S-09015;128;ROMANIA;5;5
S-09015;154;RUSSIA;8;14
S-09015;350;URUGUAI;3;3
S-09015;315;CUBA;3;4
S-09015;321;HONDURES;6;16
S-09015;NULL;ALTRES;33;39
S-09015;404;BANGLA DESH;7;8
S-09015;426;PAKISTAN;52;19
S-09015;228;MARROC;52;41
S-09015;407;XINA;40;43
S-09015;148;ARMENIA;10;6
S-09016;154;RUSSIA;3;4
S-09016;228;MARROC;24;21
S-09016;321;HONDURES;4;9
S-09016;343;COLOMBIA;3;3
S-09016;426;PAKISTAN;8;9
S-09016;NULL;ALTRES;38;23
S-09016;128;ROMANIA;4;5
S-09016;108;ESPANYA;688;733
S-09017;108;ESPANYA;561;575
S-09017;426;PAKISTAN;71;30
S-09017;115;ITALIA;4;5
S-09017;424;NEPAL;3;3
S-09017;220;GUINEA EQUATORIAL;4;4
S-09017;340;ARGENTINA;3;3
S-09017;404;BANGLA DESH;47;11
S-09017;341;BOLIVIA;6;10
S-09017;NULL;ALTRES;39;42
S-09017;128;ROMANIA;11;14
S-09017;234;NIGERIA;7;9
S-09017;348;PERU;5;5
S-09017;410;INDIA;28;23
S-09017;228;MARROC;117;108
S-09017;407;XINA;28;26
S-09017;345;EQUADOR;18;9
S-09017;326;REPUBLICA DOMINICANA;3;6
S-09018;321;HONDURES;11;14
S-09018;351;VENE€UELA;3;3
S-09018;NULL;ALTRES;24;33
S-09018;108;ESPANYA;723;799
S-09018;228;MARROC;17;11
S-09018;154;RUSSIA;7;11
S-09018;345;EQUADOR;5;7
S-09018;410;INDIA;6;3
S-09018;343;COLOMBIA;6;3
S-09018;135;UCRAINA;7;7
S-09018;426;PAKISTAN;28;14
S-09018;407;XINA;6;6
S-09018;139;GEORGIA;4;4
S-09019;128;ROMANIA;7;3
S-09019;228;MARROC;32;19
S-09019;321;HONDURES;4;8
S-09019;426;PAKISTAN;57;27
S-09019;NULL;ALTRES;24;18
S-09019;345;EQUADOR;3;7
S-09019;351;VENE€UELA;4;4
S-09019;410;INDIA;10;4
S-09019;404;BANGLA DESH;5;4
S-09019;108;ESPANYA;459;476
S-09019;115;ITALIA;4;6
S-09019;343;COLOMBIA;7;8
S-09019;135;UCRAINA;5;9
S-09020;407;XINA;4;5
S-09020;108;ESPANYA;286;305
S-09020;NULL;ALTRES;15;14
S-09021;347;PARAGUAI;3;7
S-09021;NULL;ALTRES;40;44
S-09021;228;MARROC;21;26
S-09021;407;XINA;9;11
S-09021;108;ESPANYA;615;646
S-09021;203;ALGERIA;3;4
S-09021;345;EQUADOR;3;8
S-09021;321;HONDURES;11;23
S-09021;139;GEORGIA;4;5
S-09021;426;PAKISTAN;57;25
S-09021;410;INDIA;12;4
S-09022;NULL;ALTRES;33;35
S-09022;139;GEORGIA;4;4
S-09022;426;PAKISTAN;11;7
S-09022;108;ESPANYA;572;610
S-09022;407;XINA;23;16
S-09022;321;HONDURES;4;7
S-09022;345;EQUADOR;3;6
S-09022;410;INDIA;6;4
S-09022;228;MARROC;15;16
S-09023;NULL;ALTRES;29;14
S-09023;228;MARROC;11;8
S-09023;108;ESPANYA;295;318
S-09023;321;HONDURES;6;6
S-09023;345;EQUADOR;3;3
S-09023;407;XINA;10;7
S-09023;426;PAKISTAN;29;9
S-09024;407;XINA;6;3
S-09024;108;ESPANYA;807;820
S-09024;228;MARROC;28;15
S-09024;135;UCRAINA;7;4
S-09024;426;PAKISTAN;66;26
S-09024;NULL;ALTRES;39;45
S-09024;128;ROMANIA;5;7
S-09025;347;PARAGUAI;3;5
S-09025;228;MARROC;18;18
S-09025;426;PAKISTAN;23;12
S-09025;410;INDIA;7;6
S-09025;321;HONDURES;3;16
S-09025;135;UCRAINA;6;4
S-09025;407;XINA;16;12
S-09025;447;UZBEKISTAN;5;4
S-09025;108;ESPANYA;492;539
S-09025;345;EQUADOR;6;4
S-09025;NULL;ALTRES;24;23
S-09025;348;PERU;5;3
S-09025;350;URUGUAI;5;6
S-09026;345;EQUADOR;3;3
S-09026;407;XINA;11;7
S-09026;426;PAKISTAN;33;16
S-09026;228;MARROC;5;6
S-09026;108;ESPANYA;501;581
S-09026;NULL;ALTRES;14;26
S-09026;317;EL SALVADOR;3;3
S-09027;345;EQUADOR;5;3
S-09027;NULL;ALTRES;19;25
S-09027;128;ROMANIA;10;12
S-09027;407;XINA;13;12
S-09027;228;MARROC;22;16
S-09027;343;COLOMBIA;3;3
S-09027;108;ESPANYA;382;396
S-09027;426;PAKISTAN;19;9
S-09028;343;COLOMBIA;3;6
S-09028;135;UCRAINA;5;4
S-09028;345;EQUADOR;5;9
S-09028;426;PAKISTAN;24;14
S-09028;128;ROMANIA;7;4
S-09028;321;HONDURES;4;9
S-09028;228;MARROC;15;17
S-09028;317;EL SALVADOR;3;3
S-09028;351;VENE€UELA;3;3
S-09028;407;XINA;6;6
S-09028;154;RUSSIA;5;6
S-09028;108;ESPANYA;979;935
S-09028;NULL;ALTRES;20;26
S-09028;234;NIGERIA;10;7
S-09028;410;INDIA;10;4
S-09030;108;ESPANYA;817;808
S-09030;426;PAKISTAN;98;49
S-09030;154;RUSSIA;7;7
S-09030;410;INDIA;9;8
S-09030;228;MARROC;9;4
S-09030;115;ITALIA;10;5
S-09030;NULL;ALTRES;41;62
S-09030;342;BRASIL;3;6
S-09030;341;BOLIVIA;10;4
S-09030;126;ALEMANYA;5;3
S-09030;345;EQUADOR;4;3
S-09030;110;FRAN€A;11;9
S-09030;407;XINA;77;66
S-09030;128;ROMANIA;6;8
S-09031;104;BULGARIA;3;4
S-09031;228;MARROC;5;9
S-09031;407;XINA;10;13
S-09031;NULL;ALTRES;15;15
S-09031;326;REPUBLICA DOMINICANA;4;3
S-09031;108;ESPANYA;419;463
S-09032;108;ESPANYA;396;391
S-09032;426;PAKISTAN;41;18
S-09032;228;MARROC;52;44
S-09032;407;XINA;6;7
S-09032;NULL;ALTRES;23;25
S-09032;234;NIGERIA;6;5
S-09032;345;EQUADOR;4;3
S-09032;410;INDIA;5;4
S-09032;135;UCRAINA;3;5
S-09032;321;HONDURES;4;21
S-09033;426;PAKISTAN;13;5
S-09033;317;EL SALVADOR;5;5
S-09033;407;XINA;6;8
S-09033;228;MARROC;17;14
S-09033;135;UCRAINA;4;4
S-09033;NULL;ALTRES;33;28
S-09033;128;ROMANIA;7;5
S-09033;108;ESPANYA;687;673
S-09034;426;PAKISTAN;11;6
S-09034;407;XINA;5;8
S-09034;NULL;ALTRES;35;37
S-09034;108;ESPANYA;755;823
S-09034;350;URUGUAI;4;3
S-09034;326;REPUBLICA DOMINICANA;3;3
S-09034;228;MARROC;10;9
S-09035;128;ROMANIA;5;3
S-09035;NULL;ALTRES;29;41
S-09035;234;NIGERIA;7;4
S-09035;410;INDIA;11;8
S-09035;407;XINA;18;12
S-09035;228;MARROC;7;11
S-09035;108;ESPANYA;604;652
S-09035;341;BOLIVIA;3;4
S-09035;426;PAKISTAN;67;35
S-09035;404;BANGLA DESH;3;3
S-09035;154;RUSSIA;7;5
S-09035;326;REPUBLICA DOMINICANA;5;5
S-09036;228;MARROC;13;11
S-09036;410;INDIA;4;3
S-09036;321;HONDURES;3;10
S-09036;426;PAKISTAN;12;5
S-09036;128;ROMANIA;5;5
S-09036;NULL;ALTRES;23;21
S-09036;341;BOLIVIA;3;3
S-09036;108;ESPANYA;525;571
S-09037;321;HONDURES;4;20
S-09037;228;MARROC;103;69
S-09037;227;MALI;6;3
S-09037;108;ESPANYA;408;420
S-09037;348;PERU;3;4
S-09037;154;RUSSIA;3;4
S-09037;218;GUINEA;4;3
S-09037;410;INDIA;15;10
S-09037;345;EQUADOR;9;9
S-09037;407;XINA;17;13
S-09037;409;FILIPINES;3;3
S-09037;426;PAKISTAN;180;87
S-09037;128;ROMANIA;23;15
S-09037;115;ITALIA;3;3
S-09037;239;SENEGAL;3;3
S-09037;NULL;ALTRES;57;37
S-09037;341;BOLIVIA;9;7
S-09038;139;GEORGIA;6;4
S-09038;228;MARROC;42;37
S-09038;410;INDIA;24;14
S-09038;348;PERU;5;9
S-09038;345;EQUADOR;5;5
S-09038;138;BIELORUSSIA;3;4
S-09038;321;HONDURES;9;36
S-09038;128;ROMANIA;8;8
S-09038;426;PAKISTAN;172;71
S-09038;342;BRASIL;4;9
S-09038;341;BOLIVIA;16;17
S-09038;108;ESPANYA;512;529
S-09038;NULL;ALTRES;38;31
S-09038;407;XINA;42;45
S-09038;347;PARAGUAI;8;14
S-09038;154;RUSSIA;6;7
S-09042;407;XINA;5;6
S-09042;228;MARROC;22;18
S-09042;NULL;ALTRES;25;36
S-09042;108;ESPANYA;541;483
S-09042;426;PAKISTAN;256;105
S-09043;426;PAKISTAN;23;11
S-09043;407;XINA;15;14
S-09043;115;ITALIA;3;8
S-09043;NULL;ALTRES;17;21
S-09043;108;ESPANYA;752;812
S-09044;228;MARROC;20;17
S-09044;347;PARAGUAI;3;4
S-09044;NULL;ALTRES;25;21
S-09044;426;PAKISTAN;15;8
S-09044;407;XINA;22;23
S-09044;135;UCRAINA;4;5
S-09044;404;BANGLA DESH;3;4
S-09044;108;ESPANYA;403;407
S-09045;NULL;ALTRES;19;28
S-09045;228;MARROC;7;8
S-09045;344;XILE;3;4
S-09045;108;ESPANYA;696;724
S-09045;410;INDIA;4;3
S-09045;407;XINA;10;8
S-09045;426;PAKISTAN;22;23
S-09047;404;BANGLA DESH;10;4
S-09047;410;INDIA;4;6
S-09047;426;PAKISTAN;13;6
S-09047;341;BOLIVIA;4;5
S-09047;239;SENEGAL;6;3
S-09047;228;MARROC;16;24
S-09047;407;XINA;10;11
S-09047;NULL;ALTRES;25;36
S-09047;108;ESPANYA;413;455
S-09049;228;MARROC;46;50
S-09049;317;EL SALVADOR;4;5
S-09049;426;PAKISTAN;54;27
S-09049;NULL;ALTRES;32;36
S-09049;321;HONDURES;11;41
S-09049;343;COLOMBIA;3;6
S-09049;345;EQUADOR;13;5
S-09049;108;ESPANYA;535;625
S-09049;347;PARAGUAI;5;11
S-09049;341;BOLIVIA;22;15
S-09049;135;UCRAINA;3;4
S-09049;148;ARMENIA;10;10
S-09049;407;XINA;13;6
S-09049;139;GEORGIA;5;5
S-09049;340;ARGENTINA;3;6
S-09049;326;REPUBLICA DOMINICANA;4;6
S-09050;426;PAKISTAN;19;9
S-09050;NULL;ALTRES;19;31
S-09050;407;XINA;5;3
S-09050;228;MARROC;8;14
S-09050;108;ESPANYA;376;364
S-09052;407;XINA;14;12
S-09052;345;EQUADOR;6;5
S-09052;108;ESPANYA;375;429
S-09052;321;HONDURES;5;5
S-09052;NULL;ALTRES;19;9
S-09053;137;MOLDAVIA;6;4
S-09053;228;MARROC;12;10
S-09053;108;ESPANYA;498;498
S-09053;426;PAKISTAN;21;18
S-09053;148;ARMENIA;4;5
S-09053;NULL;ALTRES;32;37
S-09053;128;ROMANIA;4;3
S-09053;345;EQUADOR;6;5
S-09053;135;UCRAINA;3;3
S-09053;342;BRASIL;4;4
S-09053;407;XINA;6;5
S-09054;228;MARROC;8;7
S-09054;NULL;ALTRES;31;27
S-09054;407;XINA;16;14
S-09054;123;PORTUGAL;3;4
S-09054;108;ESPANYA;541;536
S-09054;321;HONDURES;3;9
S-09057;104;BULGARIA;3;3
S-09057;407;XINA;19;18
S-09057;139;GEORGIA;5;8
S-09057;410;INDIA;10;7
S-09057;115;ITALIA;4;4
S-09057;NULL;ALTRES;20;23
S-09057;342;BRASIL;4;3
S-09057;345;EQUADOR;5;3
S-09057;228;MARROC;12;15
S-09057;426;PAKISTAN;9;3
S-09057;108;ESPANYA;513;586
S-09058;NULL;ALTRES;40;24
S-09058;228;MARROC;8;4
S-09058;135;UCRAINA;3;5
S-09058;108;ESPANYA;612;635
S-09058;407;XINA;10;15
S-09058;321;HONDURES;3;5
S-09058;341;BOLIVIA;5;6
S-09058;139;GEORGIA;4;7
S-09059;135;UCRAINA;4;3
S-09059;407;XINA;15;14
S-09059;341;BOLIVIA;3;7
S-09059;108;ESPANYA;448;532
S-09059;228;MARROC;22;20
S-09059;NULL;ALTRES;21;12
S-09059;321;HONDURES;4;11
S-09059;426;PAKISTAN;5;3
S-09059;139;GEORGIA;5;9
